[{
  "_id": {
    "$oid": "665b15fe8170d21ce257e381"
  },
  "donorID": "665b124f8170d21ce257e36f",
  "recipientID": "665b15b98170d21ce257e380",
  "bloodBankName": "islamabad",
  "bloodType": "A+",
  "quantity": 130,
  "date": "2024-06-01"
},
{
  "_id": {
    "$oid": "665b16808170d21ce257e382"
  },
  "donorID": "665b12828170d21ce257e373",
  "recipientID": "665b13438170d21ce257e37d",
  "bloodBankName": "islamabad",
  "bloodType": "O+",
  "quantity": 300,
  "date": "2024-09-02"
},
{
  "_id": {
    "$oid": "665b16fc8170d21ce257e385"
  },
  "donorID": "665b16c88170d21ce257e383",
  "recipientID": "665b13638170d21ce257e37f",
  "bloodBankName": "lahore",
  "bloodType": "B+",
  "quantity": 180,
  "date": "2024-02-02"
}]