[{
  "_id": {
    "$oid": "665b124f8170d21ce257e370"
  },
  "donorId": {
    "$oid": "665b124f8170d21ce257e36f"
  },
  "donorName": "hassan",
  "quantityInMl": 200
},
{
  "_id": {
    "$oid": "665b12688170d21ce257e372"
  },
  "donorId": {
    "$oid": "665b12688170d21ce257e371"
  },
  "donorName": "mujtaba",
  "quantityInMl": 223
},
{
  "_id": {
    "$oid": "665b12828170d21ce257e374"
  },
  "donorId": {
    "$oid": "665b12828170d21ce257e373"
  },
  "donorName": "laiba",
  "quantityInMl": 150
},
{
  "_id": {
    "$oid": "665b128d8170d21ce257e376"
  },
  "donorId": {
    "$oid": "665b128d8170d21ce257e375"
  },
  "donorName": "ayesha",
  "quantityInMl": 150
},
{
  "_id": {
    "$oid": "665b12a28170d21ce257e378"
  },
  "donorId": {
    "$oid": "665b12a28170d21ce257e377"
  },
  "donorName": "qasim",
  "quantityInMl": 250
},
{
  "_id": {
    "$oid": "665b12d48170d21ce257e37a"
  },
  "donorId": {
    "$oid": "665b12d48170d21ce257e379"
  },
  "donorName": "ali",
  "quantityInMl": 160
},
{
  "_id": {
    "$oid": "665b12e68170d21ce257e37c"
  },
  "donorId": {
    "$oid": "665b12e68170d21ce257e37b"
  },
  "donorName": "hannan",
  "quantityInMl": 200
}]