[{
  "_id": {
    "$oid": "665b124f8170d21ce257e36f"
  },
  "name": "hassan",
  "cnic": "12341234123",
  "age": 22,
  "gender": "male",
  "contactNo": "123423131",
  "bloodType": "A+",
  "quantity": 200,
  "city": "islamabad"
},
{
  "_id": {
    "$oid": "665b12688170d21ce257e371"
  },
  "name": "mujtaba",
  "cnic": "12341234198u",
  "age": 23,
  "gender": "male",
  "contactNo": "12342313934",
  "bloodType": "A-",
  "quantity": 223,
  "city": "islamabad"
},
{
  "_id": {
    "$oid": "665b12828170d21ce257e373"
  },
  "name": "laiba",
  "cnic": "123412341983",
  "age": 20,
  "gender": "female",
  "contactNo": "12342313934",
  "bloodType": "O+",
  "quantity": 150,
  "city": "lahore"
},
{
  "_id": {
    "$oid": "665b128d8170d21ce257e375"
  },
  "name": "ayesha",
  "cnic": "123412341983",
  "age": 34,
  "gender": "female",
  "contactNo": "12342313934",
  "bloodType": "O-",
  "quantity": 150,
  "city": "lahore"
},
{
  "_id": {
    "$oid": "665b12a28170d21ce257e377"
  },
  "name": "qasim",
  "cnic": "123412341983",
  "age": 50,
  "gender": "male",
  "contactNo": "12342313934",
  "bloodType": "AB+",
  "quantity": 250,
  "city": "lahore"
},
{
  "_id": {
    "$oid": "665b12d48170d21ce257e379"
  },
  "name": "ali",
  "cnic": "2334234223",
  "age": 55,
  "gender": "male",
  "contactNo": "234242423",
  "bloodType": "O+",
  "quantity": 160,
  "city": "islamabad"
},
{
  "_id": {
    "$oid": "665b12e68170d21ce257e37b"
  },
  "name": "hannan",
  "cnic": "2334234223",
  "age": 34,
  "gender": "male",
  "contactNo": "234242423",
  "bloodType": "O+",
  "quantity": 200,
  "city": "islamabad"
},
{
  "_id": {
    "$oid": "665b16c88170d21ce257e383"
  },
  "name": "urwa",
  "cnic": "1234232342",
  "age": 22,
  "gender": "female",
  "contactNo": "72382323",
  "bloodType": "B+",
  "quantity": 280,
  "city": "lahore"
}]