[{
  "_id": {
    "$oid": "665b121a8170d21ce257e36b"
  },
  "name": "islamabad",
  "O+": 360,
  "O-": 0,
  "A+": 200,
  "A-": 223,
  "B+": 0,
  "B-": 0,
  "AB+": 0,
  "AB-": 0
},
{
  "_id": {
    "$oid": "665b121e8170d21ce257e36c"
  },
  "name": "lahore",
  "O+": 150,
  "O-": 150,
  "A+": 0,
  "A-": 0,
  "B+": 0,
  "B-": 0,
  "AB+": 250,
  "AB-": 0
},
{
  "_id": {
    "$oid": "665b12228170d21ce257e36d"
  },
  "name": "karachi",
  "O+": 0,
  "O-": 0,
  "A+": 0,
  "A-": 0,
  "B+": 0,
  "B-": 0,
  "AB+": 0,
  "AB-": 0
},
{
  "_id": {
    "$oid": "665b12268170d21ce257e36e"
  },
  "name": "peshawar",
  "O+": 0,
  "O-": 0,
  "A+": 0,
  "A-": 0,
  "B+": 0,
  "B-": 0,
  "AB+": 0,
  "AB-": 0
}]